Abdel,Carpentier
Abdel,Dupuis
Abdel,Durand
Abdel,Fournier
Abdel,Leclerc
Abdel,Marques
Abdel,Pasquier
Abdel,Perez
Abdel,Pichon
Abdel,Ricard
Abdel,Smith
Abdel,Verdier
Adam,Lejeune
Adam,Lemaire
Adam,Leveque
Adam,Morgane
Adam,Pernot
Adam,Rodriguez
Adam,Rodriguez
Adam,Roussel
Adam,Teusemanie
Adam,Verdier
Adam,Vidal
Adam,Weber
Adel,Barre
Adel,Bousquet
Adel,Duchamp
Adel,Kerry
Adel,Leclerc
Adel,Maury
Adel,Ricci
Adel,Robin
Adel,Rousseau
Adel,Suffit
Adrien,Blier
Adrien,Duchamp
Adrien,Kamouche
Adrien,Leveque
Adrien,Moulin
Adrien,Pilaud
Adrien,Verdier
Alain,Benafia
Alain,Coste
Alain,Duchamp
Alain,Huet
Alain,Perrin
Alain,Vandel
Alex,Duchamp
Alex,Leclerc
Alex,Leger
Alex,Masson
Alex,Mercier
Alex,Moulin
Alex,Verdier
Alice,Bousquet
Alice,Chauvin
Alice,Chevalier
Alice,Fernandez
Alice,Leroux
Alice,Leveque
Anne,Blier
Anne,Boyer
Anne,Fine
Anne,Rousseau
Appoline,Aichoun
Appoline,Ancona
Appoline,Angelie
Appoline,Durand
Appoline,Goku
Appoline,Lavigne
Appoline,Maury
Appoline,Muller
Appoline,Pichon
Appoline,Pilaud
Appoline,Ricard
Appoline,Rodriguez
Appoline,Roussel
Arthur,Durand
Arthur,Lecomte
Arthur,Masson
Arthur,Perrin
Arthur,Petit
Arthur,Rousseau
Babette,Angelie
Babette,Dupuis
Babette,Fernandez
Babette,Fleury
Babette,Gauss
Babette,Guerrin
Babette,Klein
Babette,Legrand
Babette,Muller
Babette,Petit
Babette,Pichon
Babette,Smith
Babette,Tartenpion
Babette,Terrieur
Baltazar,Blanc
Baltazar,Chakri
Baltazar,Duchamp
Baltazar,Kamouche
Baltazar,Leduc
Baltazar,Legrand
Baltazar,Macape
Baltazar,Mercier
Baltazar,Moreau
Baltazar,Pichon
Baltazar,Pilaud
Baltazar,Sacomano
Baltazar,Teusemanie
Baltazar,Weber
Basile,Ancona
Basile,Caron
Basile,Delattre
Basile,Lamy
Basile,Maury
Basile,Perichon
Basile,Vandel
Bastien,Auber
Bastien,Coste
Bastien,Damiens
Bastien,Dupuis
Bastien,Durand
Bastien,Gomez
Bastien,Klein
Bastien,Mercier
Bastien,Pichon
Bastien,Roux
Bastien,Sanchez
Bastien,Sumi
Bastien,Vidal
Beatrice,Blier
Beatrice,Boyer
Beatrice,Chakri
Beatrice,Fonsec
Beatrice,Gauss
Beatrice,Leveque
Beatrice,Moreau
Beatrice,Perez
Beatrice,Ricci
Bernard,Bousquet
Bernard,Brun
Bernard,Delattre
Bernard,Dubois
Bernard,Fonsec
Bernard,Leclerc
Bernard,Leger
Bernard,Martini
Bernard,Pasquier
Bernard,Robin
Bernard,Rossi
Bernard,Toulmonde
Camille,Barre
Camille,Brun
Camille,Caron
Camille,Fine
Camille,Fonsec
Camille,Kramer
Camille,Leveque
Camille,Mallet
Camille,Morgane
Camille,Pichon
Capucine,Dos
Capucine,Dubois
Capucine,Lejeune
Capucine,Leveque
Capucine,Rossi
Capucine,Smith
Carlos,Angelie
Carlos,Bousquet
Carlos,Citonio
Carlos,Durand
Carlos,Kramer
Carlos,Marechal
Carlos,Pichon
Carlos,Weber
Carole,Angelie
Carole,Angelie
Carole,Blondel
Carole,Chakri
Carole,Damiens
Carole,Harris
Carole,Hernandez
Carole,Martini
Carole,Masson
Carole,Perez
Carole,Pernot
Carole,Sumi
Cassandre,Besson
Cassandre,Jeanmasson
Cassandre,Kerry
Cassandre,Klein
Cassandre,Leveque
Cassandre,Moreau
Cassandre,Moulin
Cassandre,Moulin
Cassandre,Pilaud
Charles,Angelie
Charles,Carpentier
Charles,Chevalier
Charles,Coste
Charles,Fabre
Charles,Fournier
Charles,Huet
Charles,Leduc
Charles,Morgane
Charles,Vandel
Charlotte,Ait
Charlotte,Benafia
Charlotte,Blier
Charlotte,Boulanger
Charlotte,Dos
Charlotte,Dubois
Charlotte,Legrand
Charlotte,Leroy
Charlotte,Muller
Charlotte,Perichon
Chloe,Auber
Chloe,Chauvin
Chloe,Dos
Chloe,Dumas
Chloe,Faure
Chloe,Fine
Chloe,Leger
Chloe,Perez
Chloe,Perez
Chloe,Pichon
Claire,Ancona
Claire,Angelie
Claire,Benafia
Claire,Dupuis
Claire,Fabre
Claire,Goku
Claire,Marechal
Claire,Pernot
Claire,Perrin
Claire,Roussel
Clara,Benafia
Clara,Duval
Clara,Fonsec
Clara,Leger
Clara,Leger
Clara,Marechal
Clara,Moulin
Clara,Pernot
Clara,Rossi
Clara,Roussel
Clara,Sacomano
Clara,Sacomano
Claude,Barre
Claude,Boyer
Claude,Chevalier
Claude,Dubois
Claude,Fernandez
Claude,Kramer
Claude,Masson
Claude,Terrieur
Coralie,Durand
Coralie,Fournier
Coralie,Masson
Daniel,Benafia
Daniel,Blondel
Daniel,Citonio
Daniel,Dupont
Daniel,Dupuis
Daniel,Hernandez
Daniel,Maury
Daniel,Mercier
Daniel,Perrin
Daniel,Rossi
Daniel,Sanchez
Denis,Barre
Denis,Chakri
Denis,Dupuis
Denis,Faure
Denis,Goku
Denis,Legrand
Denis,Rossi
Denis,Suffit
Derek,Coste
Derek,Dos
Derek,Dumas
Derek,Dumas
Derek,Dupuis
Derek,Klein
Derek,Lamy
Derek,Leveque
Derek,Millet
Derek,Perret
Derek,Perrin
Didier,Blier
Didier,Bouvier
Didier,Dubois
Didier,Fabre
Didier,Leclerc
Didier,Rossi
Didier,Rossi
Didier,Rossi
Didier,Terrieur
Elena,Barre
Elena,Chakri
Elena,Duchamp
Elena,Kramer
Elena,Leroy
Elena,Marques
Elena,Moulin
Elena,Perez
Elena,Perichon
Elena,Petit
Elena,Smith
Eleonore,Benafia
Eleonore,Benafia
Eleonore,Breton
Eleonore,Brun
Eleonore,Fabre
Eleonore,Fournier
Eleonore,Fournier
Eleonore,Lemaire
Eleonore,Muller
Eleonore,Petit
Eleonore,Ricard
Eleonore,Roux
Eleonore,Terrieur
Elga,Breton
Elga,Damiens
Elga,Goku
Elga,Jeanmasson
Elga,Morgane
Elga,Pilaud
Elga,Roussel
Emanuel,Besson
Emanuel,Bouvier
Emanuel,Damiens
Emanuel,Dubois
Emanuel,Fabre
Emanuel,Fournier
Emanuel,Lecomte
Emanuelle,Damiens
Emanuelle,Guerrin
Emanuelle,Guillon
Emanuelle,Klein
Emanuelle,Leroy
Emanuelle,Macape
Emanuelle,Pasquier
Emanuel,Leroy
Emanuelle,Tartenpion
Emanuel,Millet
Emanuel,Petit
Emanuel,Ricard
Emanuel,Rossi
Emanuel,Roux
Emanuel,Sanchez
Emeric,Besson
Emeric,Bouvier
Emeric,Caron
Emeric,Dumas
Emeric,Guerrin
Emeric,Kramer
Emeric,Lemaire
Emeric,Leveque
Emeric,Masson
Emile,Brun
Emile,Chauvin
Emile,Cruz
Emile,Cruz
Emile,Dupuis
Emile,Fabre
Emile,Harris
Emile,Kamouche
Emile,Leroux
Emile,Masson
Emile,Millet
Emile,Paoli
Emile,Perez
Emile,Rossi
Emilie,Fernandez
Emilie,Fine
Emilie,Fonsec
Emilie,Fournier
Emilie,Leclerc
Emilie,Lecomte
Emilie,Perrin
Emilie,Rossi
Emilie,Sanchez
Emilie,Terrieur
Emma,Ancona
Emma,Angelie
Emma,Benafia
Emma,Delattre
Emma,Fine
Emma,Kamouche
Emma,Klein
Emma,Leger
Emma,Mallet
Emma,Pernot
Emma,Petit
Emma,Rodriguez
Emma,Rossi
Emma,Sumi
Emmie,Ancona
Emmie,Auber
Emmie,Auber
Emmie,Dubois
Emmie,Dupuis
Emmie,Weber
Ernest,Blanc
Ernest,Blier
Ernest,Coste
Ernest,Delattre
Ernest,Faure
Ernest,Fournier
Ernest,Fournier
Ernest,Lemaire
Ernest,Macape
Ernest,Tartenpion
Erwan,Blanc
Erwan,Leclerc
Erwan,Leroy
Erwan,Macape
Erwan,Muller
Eudeline,Brun
Eudeline,Delattre
Eudeline,Jeanmasson
Eudeline,Moulin
Eudeline,Paoli
Eudeline,Perichon
Eudeline,Ricard
Eudeline,Rossi
Eudeline,Rousseau
Eugene,Barre
Eugene,Fleury
Eugene,Leclerc
Eugene,Marechal
Eugene,Masson
Eugene,Moreau
Eugene,Pichon
Eugene,Pichon
Eugene,Pichon
Eugene,Sumi
Eugene,Verdier
Eugene,Weber
Eve,Ancona
Eve,Ancona
Eve,Dupont
Eve,Leroux
Eve,Morgane
Eve,Paoli
Eve,Verdier
Fabio,Boulanger
Fabio,Dubois
Fabio,Dupont
Fabio,Morgane
Fabio,Perichon
Fabio,Perichon
Fabio,Suffit
Farid,Bouvier
Farid,Breton
Farid,Chevalier
Farid,Cruz
Farid,Hernandez
Farid,Lemaire
Farid,Perichon
Farid,Perichon
Farid,Pichon
Fati,Auber
Fati,Boulanger
Fati,Boulanger
Fati,Delattre
Fati,Fabre
Fati,Leveque
Fati,Paoli
Fati,Toulmonde
Fati,Verdier
Felicie,Bousquet
Felicie,Boyer
Felicie,Fleury
Felicie,Lamy
Felicie,Leveque
Felicie,Pernot
Felicie,Smith
Felicie,Vidal
Felix,Boyer
Felix,Chevalier
Felix,Lamy
Felix,Leger
Felix,Moulin
Felix,Petit
Felix,Petit
Felix,Rossi
Felix,Roux
Felix,Suffit
Felix,Tartenpion
Ferdinand,Barre
Ferdinand,Blanc
Ferdinand,Blier
Ferdinand,Bousquet
Ferdinand,Damiens
Ferdinand,Fourrier
Ferdinand,Moulin
Ferdinand,Perichon
Ferdinand,Ricard
Ferdinand,Rousseau
Ferdinand,Sanchez
Ferdinand,Vandel
Fiona,Ait
Fiona,Ancona
Fiona,Auber
Fiona,Blondel
Fiona,Coste
Fiona,Coste
Fiona,Fabre
Fiona,Fernandez
Fiona,Goku
Fiona,Goku
Fiona,Rossi
Firmin,Boulanger
Firmin,Hernandez
Firmin,Klein
Firmin,Robin
Firmin,Smith
Firmin,Tartenpion
Flavia,Blier
Flavia,Boulanger
Flavia,Duchamp
Flavia,Fabre
Flavia,Fleury
Flavia,Perrin
Flavia,Ricard
Fleur,Ait
Fleur,Blier
Fleur,Moreau
Fleur,Morgane
Fleur,Verdier
Florie,Angelie
Florie,Caron
Florie,Lavigne
Florie,Marechal
Florie,Millet
Florie,Pernot
Florine,Besson
Florine,Boulanger
Florine,Boyer
Florine,Breton
Florine,Faure
Florine,Leger
Florine,Leveque
Florine,Masson
Florine,Paoli
Florine,Perichon
Florine,Toulmonde
Florine,Vandel
Florine,Vandel
Francesco,Citonio
Francesco,Fernandez
Francesco,Leduc
Francesco,Lemaire
Francesco,Toulmonde
Fredric,Ancona
Fredric,Blanc
Fredric,Boulanger
Fredric,Bouvier
Fredric,Carpentier
Fredric,Chauvin
Fredric,Dos
Fredric,Dos
Fredric,Durand
Fredric,Durand
Fredric,Lemaire
Fredric,Tartenpion
Fredric,Teusemanie
Fredric,Weber
Frida,Caron
Frida,Carpentier
Frida,Citonio
Frida,Dubois
Frida,Fournier
Frida,Hernandez
Frida,Kramer
Frida,Maury
Frida,Rossi
Frida,Verdier
Fritz,Ait
Fritz,Brun
Fritz,Fonsec
Fritz,Guillon
Fritz,Lamy
Fritz,Toulmonde
Fritz,Vidal
Gabriel,Boulanger
Gabriel,Dumas
Gabriel,Dupont
Gabriel,Durand
Gabriel,Fleury
Gabriel,Hernandez
Gabriel,Jeanmasson
Gabriel,Lamy
Gabriel,Lamy
Gabriel,Leroy
Gabriel,Martini
Gabriel,Martini
Gabriel,Masson
Gabriel,Muller
Gabriel,Suffit
Gabriel,Vandel
Gaby,Angelie
Gaby,Auber
Gaby,Blier
Gaby,Chakri
Gaby,Fabre
Gaby,Fleury
Gaby,Harris
Gaby,Kamouche
Gaby,Macape
Gaby,Martini
Gaby,Maury
Gaby,Morgane
Gaby,Ricci
Gaby,Vidal
Gary,Blanc
Gary,Boulanger
Gary,Bouvier
Gary,Rodriguez
Gary,Sacomano
Gary,Terrieur
Gauthier,Boulanger
Gauthier,Bousquet
Gauthier,Breton
Gauthier,Carpentier
Gauthier,Delattre
Gauthier,Fernandez
Gauthier,Hernandez
Gauthier,Leroux
Gauthier,Pernot
Gauthier,Sanchez
Gauthier,Teusemanie
Gedeon,Dumas
Gedeon,Fonsec
Gedeon,Hernandez
Gedeon,Lamy
Gedeon,Marques
Gedeon,Millet
Gedeon,Perret
Gedeon,Pilaud
Gedeon,Sumi
Gedeon,Verdier
Georgette,Brun
Georgette,Coste
Georgette,Fine
Georgette,Kramer
Georgette,Leclerc
Gerard,Carpentier
Gerard,Carpentier
Gerard,Chevalier
Gerard,Faure
Gerard,Huet
Gerard,Jeanmasson
Gerard,Masson
Gerard,Muller
Germain,Ait
Germain,Auber
Germain,Barre
Germain,Boulanger
Germain,Duchamp
Germaine,Angelie
Germaine,Blier
Germaine,Bousquet
Germaine,Dupont
Germaine,Durand
Germaine,Faure
Germaine,Guillon
Germaine,Guillon
Germaine,Kamouche
Germaine,Leger
Germaine,Lejeune
Germaine,Masson
Germaine,Moulin
Germaine,Sacomano
Germaine,Terrieur
Germaine,Verdier
Germain,Fourrier
Germain,Gauss
Germain,Harris
Germain,Millet
Germain,Millet
Germain,Perrin
Gertrude,Barre
Gertrude,Breton
Gertrude,Coste
Gertrude,Dupuis
Gertrude,Duval
Gertrude,Fourrier
Gertrude,Goku
Gertrude,Maury
Gertrude,Maury
Gertrude,Moreau
Gertrude,Vidal
Gervais,Boyer
Gervaise,Barre
Gervaise,Duchamp
Gervaise,Gauss
Gervaise,Gomez
Gervaise,Kamouche
Gervaise,Maury
Gervaise,Perichon
Gervaise,Perichon
Gervaise,Perichon
Gervaise,Perrin
Gervaise,Roux
Gervais,Kamouche
Gervais,Klein
Gervais,Leger
Gervais,Pilaud
Gervais,Tartenpion
Gervais,Weber
Gilles,Guillon
Gilles,Harris
Gilles,Kerry
Gilles,Klein
Gilles,Morgane
Gilles,Pasquier
Gilles,Pilaud
Gilles,Weber
Goudroun,Aichoun
Goudroun,Blondel
Goudroun,Blondel
Goudroun,Carpentier
Goudroun,Chauvin
Goudroun,Dos
Goudroun,Faure
Goudroun,Lamy
Goudroun,Lavigne
Goudroun,Leger
Goudroun,Lemaire
Goudroun,Macape
Goudroun,Mallet
Goudroun,Martini
Goudroun,Pilaud
Goudroun,Sacomano
Goudroun,Sanchez
Greg,Chakri
Greg,Mallet
Greg,Perez
Greg,Ricard
Greg,Ricci
Gui,Fleury
Guilain,Aichoun
Guilain,Auber
Guilain,Carpentier
Guilain,Coste
Guilain,Fernandez
Guilain,Fernandez
Guilain,Fonsec
Guilain,Klein
Guilain,Leger
Guilain,Lejeune
Guilain,Moreau
Guilain,Perez
Guilain,Teusemanie
Gui,Smith
Gui,Weber
Helene,Ancona
Helene,Coste
Helene,Dos
Helene,Masson
Helene,Mercier
Helene,Ricci
Helene,Robin
Heloise,Carpentier
Heloise,Dupont
Heloise,Dupuis
Heloise,Fonsec
Heloise,Kerry
Heloise,Macape
Heloise,Marques
Heloise,Maury
Heloise,Muller
Heloise,Smith
Hugo,Fine
Hugo,Fleury
Hugo,Gauss
Hugo,Leduc
Hugo,Millet
Hugo,Pasquier
Hugo,Roux
Hugo,Suffit
Jacob,Benafia
Jacob,Benafia
Jacob,Faure
Jacob,Hernandez
Jacob,Pernot
Jacob,Pilaud
Jade,Blier
Jade,Brun
Jade,Coste
Jade,Dos
Jade,Fleury
Jade,Jeanmasson
Jade,Leclerc
Jade,Leger
Jade,Millet
Jade,Pasquier
Jade,Perrin
Jade,Rodriguez
Jade,Tartenpion
Jean,Barre
Jean,Blondel
Jean,Blondel
Jean,Boulanger
Jean,Bousquet
Jean,Bousquet
Jean,Fine
Jean,Leroy
Jean,Leveque
Jean,Sacomano
Jean,Weber
Jeremy,Besson
Jeremy,Blanc
Jeremy,Breton
Jeremy,Damiens
Jeremy,Kamouche
Jeremy,Leduc
Jeremy,Mallet
Jeremy,Moreau
Jessica,Aichoun
Jessica,Citonio
Jessica,Duchamp
Jessica,Durand
Jessica,Fournier
Jessica,Kramer
Jessica,Marechal
Jessica,Perrin
Jessica,Verdier
John,Ancona
John,Citonio
John,Damiens
John,Fabre
John,Klein
John,Leroux
John,Ricard
John,Vandel
Josette,Besson
Josette,Chauvin
Josette,Gauss
Josette,Lejeune
Josette,Perret
Josette,Roux
Josette,Sacomano
Josette,Sacomano
Josette,Sumi
Jules,Ait
Jules,Barre
Jules,Besson
Jules,Bouvier
Jules,Fine
Jules,Rossi
Jules,Terrieur
Kate,Aichoun
Kate,Barre
Kate,Carpentier
Kate,Fine
Kate,Klein
Kate,Leger
Kate,Millet
Kate,Sumi
Kate,Verdier
Katia,Coste
Katia,Duchamp
Katia,Marechal
Katia,Mercier
Katia,Pasquier
Katia,Perichon
Katia,Petit
Katia,Rousseau
Katia,Verdier
Lea,Hernandez
Lea,Leclerc
Lea,Lecomte
Lea,Marechal
Leon,Auber
Leon,Barre
Leon,Besson
Leon,Durand
Leon,Fournier
Leon,Fourrier
Leon,Goku
Leon,Kramer
Line,Auber
Line,Bouvier
Line,Fourrier
Line,Harris
Line,Macape
Line,Perret
Line,Ricard
Louis,Besson
Louis,Blondel
Louis,Caron
Louis,Chauvin
Louis,Delattre
Louise,Aichoun
Louise,Ait
Louise,Citonio
Louise,Dupont
Louise,Fine
Louise,Kerry
Louise,Kramer
Louise,Maury
Louise,Petit
Louise,Sanchez
Louise,Suffit
Louise,Vidal
Louis,Fourrier
Louis,Leroux
Louis,Macape
Louis,Terrieur
Lucie,Breton
Lucien,Ancona
Lucien,Blanc
Lucien,Blondel
Lucien,Bousquet
Lucien,Cruz
Lucien,Damiens
Lucien,Fabre
Lucien,Faure
Lucien,Lavigne
Lucien,Lecomte
Lucien,Mallet
Lucien,Maury
Lucien,Toulmonde
Lucie,Pichon
Manon,Boyer
Manon,Caron
Manon,Dos
Manon,Dupuis
Manon,Dupuis
Manon,Fonsec
Manon,Fournier
Manon,Klein
Manon,Mallet
Manon,Pichon
Manon,Smith
Manon,Terrieur
Marc,Aichoun
Marc,Blondel
Marc,Pasquier
Marc,Ricard
Marc,Sanchez
Marc,Suffit
Marc,Teusemanie
Marie,Ait
Marie,Bouvier
Marie,Fourrier
Marie,Marques
Marie,Toulmonde
Marinette,Barre
Marinette,Dumas
Marinette,Jeanmasson
Marinette,Macape
Marinette,Perez
Marinette,Vandel
Marise,Caron
Marise,Dos
Marise,Duchamp
Marise,Durand
Marise,Pichon
Marise,Suffit
Marise,Vandel
Martine,Cruz
Martine,Durand
Martine,Macape
Martine,Masson
Martine,Mercier
Martine,Moulin
Martine,Roussel
Martine,Weber
Martine,Weber
Martin,Guerrin
Nathalie,Ancona
Nathalie,Auber
Nathalie,Barre
Nathalie,Carpentier
Nathalie,Gauss
Nathalie,Goku
Nathalie,Kamouche
Nathalie,Kerry
Nathalie,Pasquier
Nathalie,Perrin
Nathalie,Sanchez
Nathalie,Terrieur
Nathalie,Vandel
Nicolas,Angelie
Nicolas,Bouvier
Nicolas,Boyer
Nicolas,Caron
Nicolas,Damiens
Nicolas,Fournier
Nicolas,Leroy
Nicolas,Macape
Nicolas,Marques
Nicolas,Martini
Nicolas,Moulin
Nicolas,Robin
Nicolas,Roussel
Nicolas,Roux
Nicolas,Sacomano
Nicolas,Suffit
Nicole,Barre
Nicole,Benafia
Nicole,Blanc
Nicole,Blier
Nicole,Caron
Nicole,Coste
Nicole,Coste
Nicole,Cruz
Nicole,Faure
Nicole,Kramer
Nicole,Lamy
Nicole,Leclerc
Nicole,Lemaire
Nicole,Leveque
Nicole,Marechal
Nicole,Perrin
Oivier,Huet
Oivier,Huet
Oivier,Leclerc
Oivier,Legrand
Oivier,Marques
Oivier,Mercier
Oivier,Robin
Oivier,Suffit
Oscar,Auber
Oscar,Boyer
Oscar,Fabre
Oscar,Fernandez
Oscar,Masson
Oscar,Mercier
Oscar,Perez
Oscar,Teusemanie
Paul,Aichoun
Paul,Coste
Paul,Hernandez
Paul,Huet
Pauline,Auber
Pauline,Brun
Pauline,Coste
Pauline,Huet
Pauline,Legrand
Pauline,Marques
Pauline,Moulin
Pauline,Roussel
Paul,Lecomte
Paul,Legrand
Paul,Rossi
Paul,Vandel
Penelope,Ancona
Penelope,Auber
Penelope,Chakri
Penelope,Citonio
Penelope,Cruz
Penelope,Fine
Penelope,Fonsec
Penelope,Fourrier
Penelope,Moreau
Penelope,Perret
Penelope,Perrin
Penelope,Sanchez
Penelope,Sumi
Pierre,Coste
Pierre,Cruz
Pierre,Damiens
Pierre,Dumas
Pierre,Leclerc
Pierre,Lecomte
Pierre,Lemaire
Pierre,Maury
Pierre,Pilaud
Pierre,Rousseau
Pierre,Vandel
Remi,Ancona
Remi,Angelie
Remi,Auber
Remi,Benafia
Remi,Dumas
Remi,Durand
Remi,Guerrin
Remi,Guillon
Robert,Blanc
Robert,Caron
Robert,Fournier
Robert,Hernandez
Robert,Huet
Robert,Millet
Robert,Perret
Robert,Pilaud
Robert,Robin
Robert,Tartenpion
Sacha,Benafia
Sacha,Bousquet
Sacha,Fernandez
Sacha,Fonsec
Sacha,Fonsec
Sacha,Gomez
Sacha,Kerry
Sacha,Lavigne
Sacha,Lecomte
Sacha,Pasquier
Sacha,Pasquier
Sacha,Suffit
Sacha,Vidal
Sacha,Weber
Sam,Benafia
Sam,Damiens
Sam,Dumas
Sam,Dupont
Sam,Duval
Sam,Goku
Sam,Lejeune
Sam,Mallet
Sam,Marques
Sam,Millet
Sam,Morgane
Sam,Perret
Simone,Angelie
Simone,Chakri
Simone,Fabre
Simone,Fernandez
Simone,Leroy
Simone,Leveque
Simone,Masson
Simone,Morgane
Simone,Perichon
Simone,Pichon
Simone,Sumi
Sophie,Barre
Sophie,Dumas
Sophie,Dupont
Sophie,Fonsec
Sophie,Hernandez
Sylvain,Aichoun
Sylvain,Blier
Sylvain,Leger
Sylvain,Marques
Sylvain,Martini
Sylvain,Muller
Sylvain,Vandel
Sylvie,Coste
Sylvie,Gauss
Sylvie,Lavigne
Sylvie,Lejeune
Sylvie,Pilaud
Sylvie,Teusemanie
Tom,Blier
Tom,Blondel
Tom,Duchamp
Tom,Goku
Tom,Lecomte
Tom,Macape
Tom,Perichon
Tom,Suffit
Tom,Terrieur
Vincent,Chakri
Vincent,Citonio
Vincent,Teusemanie
