100576137,Fritz,Fleury,73
100640552,Gervais,Weber,91
101912737,Gervais,Besson,55
103108549,Alice,Leclerc,76
103882919,Denis,Legrand,47
104528275,Arthur,Rousseau,11
104765131,Emma,Dupont,51
105421695,Nathalie,Fourrier,62
106410181,Emanuelle,Brun,82
106611136,Jacob,Boulanger,12
107065272,Capucine,Citonio,79
107303466,Elga,Vidal,14
109180961,Arthur,Lemaire,100
109344620,Fiona,Dupont,47
110323582,Fredric,Leroy,62
110345835,Louise,Sanchez,88
110552530,Gilles,Mallet,41
110901250,Gervaise,Gauss,73
11098507,Daniel,Kramer,90
111664907,Manon,Chevalier,59
112594170,Emile,Dupont,67
112886155,Heloise,Brun,53
113168599,Frida,Damiens,6
113978233,Jessica,Huet,70
114090200,Bernard,Verdier,26
115099644,Emmie,Muller,51
115414748,Marise,Kerry,25
116344768,Florine,Martini,30
11836147,Adam,Gomez,49
120998995,Josette,Tartenpion,7
121399972,Charlotte,Fonsec,58
122239040,Fabio,Blondel,12
123152086,Claude,Dubois,50
12350597,Chloe,Perez,6
123801093,Bernard,Fonsec,17
123844299,Cassandre,Huet,28
124131490,Lea,Duval,44
125800201,Louis,Cruz,92
125857450,Gary,Dos,6
126616818,Erwan,Muller,46
126922982,Robert,Fournier,38
12736273,Chloe,Chauvin,92
130445806,Josette,Perret,32
131391120,Adam,Morgane,95
132421640,Sacha,Gomez,61
132684178,Martine,Blanc,67
133423456,Pauline,Coste,58
13369704,Jade,Dupuis,89
135135026,Nicolas,Ait,71
135262393,Gerard,Roussel,90
135846945,Bastien,Dubois,49
135847700,Heloise,Roux,47
136242046,Jessica,Roussel,77
1370347,Penelope,Leroy,20
137931148,Felix,Coste,79
14035119,Gabriel,Leroy,63
140433083,Remi,Guerrin,92
141108946,Georgette,Benafia,31
141407281,Charlotte,Muller,25
141746374,Elga,Guerrin,3
141849088,Gary,Roux,49
143810902,Elga,Lavigne,17
144174478,Sam,Mallet,93
144811942,Eleonore,Gauss,71
145451451,Emmie,Breton,27
145673694,Ferdinand,Bousquet,69
146151531,Eve,Ancona,74
147203354,Guilain,Leger,57
149870446,Daniel,Coste,17
150270730,Charles,Kamouche,83
151347240,Louis,Lejeune,74
151570808,Lea,Benafia,50
15179860,Marc,Suffit,92
15180040,Babette,Robin,69
152516815,Oivier,Caron,29
152627108,Jessica,Vandel,56
153926716,Florine,Faure,80
154453560,Chloe,Coste,35
154718653,Alex,Kramer,98
160232150,Fabio,Carpentier,45
161497399,Martine,Paoli,36
162400185,Leon,Kramer,41
162987647,Sylvie,Verdier,63
163250760,Penelope,Moreau,56
164278309,Fredric,Smith,89
164683385,Felicie,Boyer,89
165299937,Josette,Hernandez,25
165987770,Georgette,Sumi,75
166064477,Lea,Roussel,24
166429020,Basile,Moreau,24
166886973,Lucie,Hernandez,8
167293176,Marc,Masson,57
168903116,Clara,Duval,42
168933062,Eve,Mercier,49
17004360,Gilles,Leroux,1
170316279,Gaby,Marques,68
170624730,Capucine,Smith,71
171223822,Ernest,Dos,48
172537901,Jade,Rodriguez,83
173148106,Gedeon,Caron,66
173503902,Gervais,Fournier,52
1749654,Alain,Dubois,49
175929520,Baltazar,Chevalier,7
176089257,Denis,Chauvin,92
176482465,Emanuelle,Pasquier,37
17960476,Jacob,Pernot,80
179689035,Nathalie,Boulanger,51
18094354,Martin,Aichoun,61
18173937,Louis,Moreau,6
182069774,Florie,Cruz,38
182671520,Daniel,Dupuis,25
18294435,Georgette,Maury,28
183285566,Sam,Goku,28
184261258,John,Chauvin,98
185858913,Anne,Boyer,67
186438145,Lea,Gomez,46
186659254,Louis,Toulmonde,2
18687626,Bastien,Leduc,81
186990263,Gervais,Tartenpion,83
187724772,Emilie,Teusemanie,93
187923066,Sylvain,Boulanger,47
189082511,Derek,Perrin,89
189568504,Erwan,Aichoun,18
189739002,Adrien,Muller,33
191219159,Heloise,Kerry,16
191760419,Fritz,Gomez,17
192973646,Emeric,Benafia,87
193587785,Gary,Sacomano,31
194582632,Elga,Rossi,19
195461243,Charlotte,Aichoun,36
195982293,Paul,Lejeune,6
196806091,Gerard,Martini,62
196818510,Alex,Rousseau,47
197125422,Martine,Pichon,27
197492642,Oscar,Fine,9
197571128,Gervais,Goku,5
197828904,Gedeon,Marques,58
198383433,Capucine,Sacomano,51
198571621,Gauthier,Auber,50
199867890,Felix,Sacomano,28
200843465,Felicie,Vidal,73
20119583,Emanuel,Robin,79
201328969,Line,Dos,98
20253746,Fritz,Lamy,77
203290100,Alain,Perrin,77
203438826,Emanuel,Marechal,70
203932199,Simone,Perez,74
204952169,Florine,Ricard,22
205049859,Guilain,Fonsec,89
205473217,Felix,Perret,14
205759575,Nathalie,Goku,71
206425668,Appoline,Goku,88
206816450,Fati,Blondel,69
2080305,Florine,Caron,27
208030961,Nathalie,Terrieur,87
209352278,Emmie,Caron,12
209724544,Appoline,Angelie,65
211296487,Eudeline,Caron,85
211311772,Derek,Vandel,52
211590139,Louis,Blanc,52
213358774,John,Damiens,16
214333983,Jade,Caron,52
215848127,Basile,Caron,26
216441784,Germaine,Rousseau,65
217858437,Helene,Auber,74
218120027,Jacob,Verdier,91
219398769,Martine,Faure,25
219524713,Adrien,Pilaud,12
221199370,Simone,Fabre,50
222361777,Eve,Ancona,69
222678637,Simone,Pernot,65
223429747,Francesco,Marques,95
224692334,Gerard,Ait,54
225081841,Beatrice,Moreau,66
225202499,John,Moulin,56
226024513,Germaine,Aichoun,45
22689564,Daniel,Blondel,5
229185944,Lucien,Pernot,30
230569051,Germain,Fournier,67
232867158,Pauline,Ancona,72
234281276,Guilain,Auber,12
236992649,Gilles,Delattre,43
239854184,Eve,Boyer,67
240506514,Fredric,Klein,28
24088798,Eve,Guillon,87
242463203,Adrien,Tartenpion,92
244439341,Sophie,Dumas,16
247027858,Oivier,Suffit,65
248139822,Remi,Fernandez,25
249451667,Ernest,Coste,94
25011096,Leon,Teusemanie,39
250661436,Adam,Leger,36
251645232,Chloe,Duchamp,12
251710316,Fleur,Bouvier,21
251878232,Gervaise,Chevalier,87
251886249,Eudeline,Perichon,70
252082091,Guilain,Ait,63
254330968,Robert,Mallet,70
254376785,Nathalie,Fonsec,55
255458240,Carlos,Moulin,81
255758754,Marise,Smith,42
256165112,Emma,Maury,37
25617932,Marise,Duchamp,43
25661840,Charles,Blier,14
257081013,Robert,Breton,5
260224304,Martine,Robin,49
261141684,Simone,Rodriguez,75
261359833,Marie,Coste,93
262843675,Fabio,Gauss,100
263537125,Robert,Sacomano,6
265536627,Katia,Martini,79
26583639,Lucien,Kamouche,91
267092808,Gaby,Leveque,76
267284655,Frida,Perret,47
267622732,Gui,Carpentier,29
26836794,Alain,Boulanger,73
268868910,Tom,Blondel,38
268873593,Gabriel,Roussel,93
269075639,Carole,Chakri,9
26940441,Fritz,Brun,50
270762063,Charlotte,Roux,59
272899065,Charles,Perrin,65
27300229,Florie,Verdier,10
274583702,Goudroun,Blondel,91
274596135,Emmie,Kamouche,42
27465895,Baltazar,Boyer,97
275597536,Cassandre,Duval,30
276412261,Claude,Verdier,68
2768412,Adel,Besson,35
276853680,Louise,Lavigne,20
277648222,Vincent,Moulin,99
278184644,Felix,Tartenpion,3
278230864,Pierre,Benafia,56
278869843,Erwan,Pasquier,87
279597335,Charles,Ricard,94
279778862,Germain,Blier,45
27991632,Carole,Fonsec,58
281416075,Pauline,Pernot,72
281835388,Didier,Durand,67
282156788,Beatrice,Legrand,94
282276074,Leon,Bousquet,66
282514514,Gilles,Blanc,89
283500151,Emma,Dubois,30
287450511,Charles,Mallet,2
288946028,Charles,Lavigne,2
29124475,Alice,Leveque,4
292950710,Arthur,Verdier,73
293358705,Nicole,Kramer,11
293507306,Leon,Guillon,16
293801277,Tom,Hernandez,97
293989697,Nicole,Faure,77
294015715,Emanuelle,Moreau,58
294534317,Cassandre,Macape,76
294686077,Robert,Jeanmasson,24
295564120,Carlos,Perichon,85
295810217,Eugene,Dupont,9
29675550,Guilain,Chevalier,62
298592430,Martin,Sacomano,1
29980510,Beatrice,Guillon,73
301824062,Claude,Leduc,75
301864854,Ernest,Smith,67
302232191,Gui,Huet,9
302773619,Claire,Roussel,78
303771803,Adam,Morgane,23
304190819,Leon,Durand,43
304984197,Sam,Muller,12
305576255,Fabio,Sacomano,28
306738961,Emile,Lavigne,86
307124092,Eugene,Carpentier,63
308387499,Carlos,Lemaire,12
310004939,Georgette,Barre,57
312831984,Emeric,Gomez,70
313213306,Georgette,Perez,19
313369554,Gui,Ait,45
31346109,Lea,Duchamp,44
313972674,Hugo,Aichoun,19
314267355,Goudroun,Dos,76
314306703,Erwan,Perret,24
314344777,Gertrude,Barre,61
314471318,Emeric,Vandel,56
315209538,Sam,Ricard,1
316365309,Eve,Leroux,60
318092263,Hugo,Blondel,2
3193420,Jules,Legrand,99
319711252,Gary,Blanc,97
320010113,Pauline,Fernandez,72
320661350,Eleonore,Robin,95
32150597,Gary,Pilaud,26
321912092,Chloe,Petit,14
322498266,Elga,Blier,83
322658025,Oivier,Marques,2
322910062,Guilain,Fernandez,57
323271222,Alain,Smith,8
323750683,Eve,Leroux,84
323821879,Felix,Rodriguez,21
324827540,Basile,Besson,90
326420565,Helene,Rousseau,85
326970526,Erwan,Paoli,58
328114377,Leon,Kamouche,21
329159263,Gerard,Roussel,15
329492009,Robert,Robin,26
329896767,Robert,Hernandez,33
330856612,Daniel,Dupont,86
332521382,Germaine,Blondel,62
333078593,Camille,Fleury,92
333260103,Fabio,Suffit,41
333584477,Clara,Lejeune,68
335156376,Eve,Masson,5
335577340,Germain,Suffit,10
335662182,Emanuel,Bouvier,8
336845199,Eudeline,Blanc,15
336911703,Eleonore,Sacomano,10
337105593,Sam,Teusemanie,84
337661592,Ernest,Masson,30
337739960,Jeremy,Petit,29
337836298,Eudeline,Moulin,57
338674834,Claude,Moreau,40
339963462,Alice,Fournier,84
341020174,Leon,Goku,11
34117560,Remi,Durand,55
341227227,Oscar,Teusemanie,40
34197583,Charlotte,Fine,71
342731430,Alex,Kramer,64
342834437,Louis,Marques,13
34376575,Basile,Perichon,42
346032000,Cassandre,Besson,78
346831654,Baltazar,Leclerc,38
347081258,Alice,Fernandez,90
347156435,Arthur,Vidal,57
348071452,Babette,Terrieur,83
348125356,Sophie,Kamouche,87
348577533,Lucie,Moreau,70
349236024,Charlotte,Paoli,9
349277868,Nicolas,Dupuis,17
350373342,Francesco,Dubois,60
351260517,Sacha,Vidal,90
351706317,John,Martini,81
351964065,Fiona,Roux,93
351997410,Derek,Dos,45
354409122,Emanuelle,Macape,3
355255730,Felicie,Pernot,71
356356661,Charlotte,Martini,56
356892675,Beatrice,Gauss,87
357204590,Farid,Sanchez,39
357389705,Gervais,Dos,70
357623880,Guilain,Pasquier,34
358778503,Emma,Brun,48
358857147,Sylvie,Breton,78
359075775,Pauline,Huet,78
360808657,Remi,Lemaire,76
36085282,Bernard,Leger,43
361095293,Felicie,Dumas,21
361140558,Eleonore,Lamy,19
361664375,Adam,Fleury,87
361835064,Lucie,Fernandez,58
362117307,Oivier,Rodriguez,64
362959248,Emanuelle,Jeanmasson,89
364675377,Nicole,Dos,23
367779477,Germaine,Chauvin,65
36830767,Nathalie,Tartenpion,12
368498428,Oivier,Moulin,38
368723969,Eugene,Sumi,86
369336550,Germaine,Verdier,58
369714655,Nicole,Leclerc,57
370022693,Martine,Brun,46
370731338,Frida,Dubois,46
372458597,Lea,Kramer,91
374446529,Elga,Ait,29
3744809,Kate,Fine,90
376127452,Felicie,Benafia,64
376639730,Bernard,Carpentier,8
376805053,Emeric,Bouvier,42
377326265,Emeric,Teusemanie,82
380327334,Simone,Kamouche,80
381212246,Adrien,Carpentier,11
381866898,Helene,Teusemanie,82
382084930,Jade,Lemaire,82
382086513,Gary,Boulanger,5
382982685,Basile,Barre,56
383116420,Arthur,Guillon,90
383143557,Lucien,Rousseau,85
383248964,Paul,Leroux,44
383406215,Elena,Hernandez,87
383596990,Leon,Ait,3
384878468,Abdel,Dupont,45
384884298,Clara,Pernot,85
384885759,Sam,Leroux,8
386306668,Robert,Perret,14
387602759,Anne,Pichon,48
389229278,Bastien,Vidal,51
389334325,Flavia,Teusemanie,13
389542033,Tom,Blier,55
389608266,Daniel,Citonio,58
392061332,Charles,Verdier,88
393421573,Basile,Blondel,18
393644633,Capucine,Lejeune,86
393841217,Remi,Harris,35
39446260,Martine,Jeanmasson,83
395524852,Erwan,Leroy,54
395534651,Claude,Caron,51
396526417,Carlos,Lavigne,27
396731181,Daniel,Benafia,54
396854485,Louise,Lavigne,37
397188057,Jade,Brun,42
39741336,Florie,Delattre,78
397632540,Louis,Sanchez,5
398704226,Farid,Martini,45
399065701,Baltazar,Marques,16
399541809,Erwan,Damiens,91
399555211,Greg,Macape,4
399682629,Sylvain,Legrand,100
400711901,Greg,Mallet,18
400777224,Alain,Dos,83
401790202,Pauline,Moulin,56
402155764,Lucie,Klein,57
402679191,Heloise,Masson,88
402806056,Katia,Martini,43
402974975,Louis,Caron,24
404956418,Fiona,Gomez,55
406078457,Gaby,Goku,21
406081983,Claude,Dumas,60
407587306,Ferdinand,Marechal,30
40831120,Germaine,Leclerc,39
409019243,Pauline,Lejeune,3
409358980,Gauthier,Barre,81
409669400,Felix,Petit,94
412028446,Lucien,Lavigne,26
412403757,Fati,Coste,23
412596175,Fritz,Ait,28
412926491,Marie,Marques,88
413254798,Beatrice,Boyer,5
414144001,Emanuelle,Ricard,59
414219730,Charles,Pilaud,13
416945993,Helene,Sacomano,65
417058201,Florie,Dos,29
419497920,Marie,Rossi,26
420220789,Eudeline,Fernandez,19
421799285,Jessica,Maury,18
422186552,Alice,Rossi,29
424170379,Sylvain,Morgane,69
424256112,Oscar,Boulanger,6
424597990,Flavia,Perret,49
425186008,Gary,Rodriguez,92
425912390,Germaine,Sumi,23
426052909,Pauline,Brun,43
426343325,Arthur,Dumas,72
426448577,Lucien,Lecomte,70
426653749,Derek,Leveque,45
426887145,Penelope,Verdier,27
42784648,Gaby,Brun,79
428003535,Fabio,Vandel,31
428150128,Gervais,Blondel,37
429149468,Eleonore,Dumas,64
429204038,Germain,Goku,71
429271897,Babette,Leveque,73
431542913,Martine,Dupuis,23
432019525,Lucie,Dos,79
432163799,Adel,Leger,31
432546436,Adam,Leger,12
437353927,Simone,Sumi,92
437656976,Firmin,Pasquier,42
438813930,Clara,Sanchez,11
439213905,Erwan,Harris,41
442707187,Tom,Vidal,100
443089439,Goudroun,Martini,96
443421496,Eleonore,Fine,13
443893705,Babette,Perez,84
443995569,Alex,Mallet,79
444272402,Gabriel,Hernandez,1
444851789,Helene,Verdier,68
445969544,Guilain,Leger,5
447025634,Manon,Kramer,14
447497862,Fiona,Marques,4
448042333,Jade,Pasquier,43
448581739,Josette,Carpentier,92
449343916,Marie,Toulmonde,12
449602703,Marie,Masson,31
452489008,Hugo,Petit,57
452632523,Gervaise,Leger,24
453109230,Gui,Chauvin,90
456220188,Emma,Moreau,82
456825103,Leon,Citonio,31
456887616,Tom,Fourrier,51
45783713,Remi,Dumas,76
459027264,Lea,Ricci,2
459946960,Germain,Ancona,92
460942612,Camille,Pichon,94
461394508,Helene,Jeanmasson,68
462695827,Hugo,Angelie,77
464217319,Marise,Leger,88
464329688,Oscar,Bouvier,94
467083722,Gerard,Ait,27
467428162,Pauline,Moulin,20
467491312,Hugo,Morgane,22
468437653,Adrien,Petit,47
47006565,Camille,Ancona,29
470204250,Jessica,Fourrier,43
470317830,Coralie,Leroux,74
471009246,Charlotte,Delattre,58
47244925,Fabio,Sanchez,39
474399444,Fabio,Maury,3
47450588,Goudroun,Lejeune,81
474893613,Claude,Muller,50
4750106,Adam,Roux,25
476100230,Elena,Chakri,60
476124892,Jacob,Mallet,33
476357552,Guilain,Leclerc,25
476545735,Eugene,Damiens,44
477109686,Guilain,Bousquet,74
477128872,Basile,Weber,83
4782126,Nathalie,Moreau,26
47877432,Claude,Moreau,84
47961402,Jessica,Verdier,87
481218130,Sacha,Suffit,17
481219664,Martine,Blier,65
481354173,Fati,Teusemanie,28
481806121,Jade,Maury,52
482742222,Marinette,Toulmonde,43
484887310,Sylvie,Jeanmasson,79
485179122,John,Maury,57
485446137,Adrien,Boulanger,15
486132384,Eve,Lemaire,80
486416486,Fati,Sacomano,93
488133006,Fabio,Kerry,64
488209071,Nicolas,Perrin,99
48842369,Bernard,Robin,71
490724958,Fleur,Barre,38
491360066,Germaine,Sacomano,28
492003770,Gabriel,Cruz,99
492185021,Beatrice,Carpentier,53
492712591,Claude,Kerry,26
493329999,Arthur,Benafia,86
493676736,Abdel,Fleury,7
494853365,Clara,Leroy,7
496167464,Adam,Rodriguez,10
49769946,Nicole,Klein,52
497863029,Remi,Fleury,72
499655670,Chloe,Teusemanie,46
501526057,Arthur,Dupont,92
501982813,Denis,Rossi,75
501986815,Camille,Leveque,92
502324538,Beatrice,Fine,76
503190422,Robert,Huet,38
503275630,Penelope,Sumi,60
503930388,Sacha,Klein,50
504416753,Gilles,Duval,25
505130914,Penelope,Bousquet,30
505510570,Sophie,Mercier,74
505973496,Cassandre,Jeanmasson,34
506457707,Martine,Roussel,72
5065827,Gary,Millet,2
508253651,Gervaise,Macape,12
509218210,Sophie,Muller,92
509230570,Jeremy,Smith,19
509385053,Felicie,Marechal,89
509522091,Felix,Martini,26
510087534,Sam,Millet,11
510137238,Adel,Chauvin,57
510330974,Derek,Aichoun,90
510670661,Jessica,Faure,61
511265571,Coralie,Duval,77
511966409,Alice,Vandel,68
513348030,Kate,Blondel,66
513526604,Martin,Smith,46
51429181,Alice,Fernandez,20
514747721,Fabio,Moulin,16
517687921,Manon,Caron,13
518548556,Fabio,Kamouche,50
521266415,Bastien,Paoli,39
521887357,Lucien,Lavigne,80
521901901,John,Dubois,35
522600461,Marise,Angelie,75
522638695,Clara,Barre,43
523688803,Carlos,Citonio,60
524219913,Louis,Leroux,76
524651825,Gui,Ricci,35
52470043,Paul,Coste,73
526047827,Gilles,Fournier,49
526452853,Penelope,Chakri,80
526532640,Jade,Chevalier,79
526644441,Emanuelle,Ricci,3
526883998,Sylvie,Fonsec,94
52701368,Emma,Pilaud,68
529832977,Florine,Moreau,41
530297675,Lea,Dupont,30
530311882,Gaby,Delattre,70
530672166,Georgette,Roux,40
530724185,Baltazar,Macape,35
531144705,Charlotte,Maury,30
531230966,Marinette,Ricard,85
531930326,Fiona,Guillon,73
531972984,Germaine,Lamy,37
532147594,Capucine,Leveque,79
533174586,Bernard,Harris,42
53437763,Germain,Jeanmasson,85
534724741,Beatrice,Hernandez,65
534966716,Florie,Auber,57
535402517,Bastien,Durand,38
536749295,Eudeline,Barre,14
537605719,Alice,Guillon,54
538264331,Jules,Terrieur,54
538534022,Florine,Maury,19
538981019,Gaby,Klein,47
53936748,Fleur,Besson,49
541482549,Greg,Cruz,4
541504439,Emmie,Pichon,62
541690365,Oivier,Robin,84
544221858,Gervais,Citonio,46
544403734,Carlos,Boulanger,71
544739842,Hugo,Morgane,81
546098272,Kate,Fine,44
547335677,Jean,Hernandez,78
547521558,Paul,Harris,3
548526249,Elga,Roussel,44
550146348,Eleonore,Breton,78
551376477,Adam,Vidal,63
552024897,Coralie,Ricci,28
556095183,Baltazar,Moulin,96
557203091,Frida,Carpentier,55
557211537,Anne,Moreau,2
557288363,Beatrice,Kerry,21
55770616,Germaine,Ricci,5
558798805,Gaby,Huet,74
558960333,Carole,Bousquet,82
560592874,Carlos,Weber,51
560811069,Emile,Ricard,78
561889633,Louise,Chauvin,25
563485711,Sylvie,Toulmonde,22
564512265,Firmin,Smith,32
564619469,Tom,Bousquet,38
565622167,Claude,Pasquier,36
566704078,Gaby,Ricci,7
566999129,Fritz,Lecomte,79
56753734,Josette,Gomez,26
567777823,Josette,Chakri,36
568224576,Flavia,Perrin,21
568547897,Helene,Perez,10
569025079,Farid,Auber,55
569234210,Adel,Chakri,88
569250463,Jean,Gauss,80
570568980,Germain,Moreau,53
570929366,Penelope,Moreau,82
572681835,Gertrude,Aichoun,80
575427257,Robert,Masson,34
576286295,Sylvie,Chevalier,78
576348089,Gui,Pichon,28
576978869,Carole,Bousquet,26
577833568,Ferdinand,Fourrier,63
577837893,Lucien,Toulmonde,88
57867712,Katia,Leroy,76
578801820,Anne,Auber,69
579989849,Lea,Muller,69
580284205,Manon,Pichon,46
58141531,Penelope,Mercier,46
58168266,Robert,Damiens,54
582660362,Carole,Martini,89
584056988,Germaine,Durand,96
584355755,Jules,Breton,74
585079844,Flavia,Blanc,33
585734766,Emanuel,Cruz,51
585786246,Gabriel,Leduc,15
586064287,Louise,Chevalier,68
586353245,Alice,Harris,77
588164451,Lucien,Ancona,70
590451402,Capucine,Caron,62
591120935,Marise,Fourrier,70
591302238,Felicie,Goku,39
592211809,Anne,Robin,25
592991935,Germain,Fonsec,32
59509808,Remi,Paoli,33
595150513,Line,Rousseau,42
595931619,Vincent,Cruz,78
596207726,Farid,Sanchez,50
597558374,Pierre,Carpentier,12
598300982,Felix,Brun,98
598493319,Gaby,Blier,98
600387502,Babette,Angelie,57
600704529,Simone,Goku,41
601799541,Daniel,Kramer,71
603923086,Penelope,Angelie,31
604812846,John,Klein,53
606291208,Emma,Boyer,30
610140977,Paul,Klein,15
611301901,Ernest,Delattre,18
612116099,Gilles,Muller,43
612212485,Claire,Fourrier,13
6123181,Marie,Martini,83
612841923,Charles,Pichon,48
615562759,John,Roux,57
616259694,Gary,Rousseau,26
617889417,Pierre,Lamy,60
618148721,Bernard,Fine,23
618394939,Germain,Vandel,3
61857419,Pauline,Dubois,38
619221140,Erwan,Tartenpion,97
619232426,Oscar,Besson,83
621031224,Hugo,Millet,22
621837336,Gilles,Muller,94
621954036,Adam,Leroy,78
621976638,Elena,Lavigne,61
623569351,Emma,Goku,75
624530889,Sam,Robin,53
624605743,Katia,Fourrier,11
624838599,Tom,Huet,10
625390868,Emile,Kamouche,46
62543334,Appoline,Petit,8
626023991,Derek,Dumas,84
626104423,Baltazar,Leroux,19
626897885,Simone,Blondel,74
627370819,Germaine,Chauvin,22
627629583,Gerard,Sumi,37
627927146,Farid,Benafia,28
629855356,Elena,Leveque,15
63047184,Sylvain,Fabre,73
631045422,Simone,Roussel,45
631413843,Gilles,Bouvier,39
6316171,Baltazar,Mercier,93
631935618,Vincent,Chakri,74
631953743,Sylvie,Fourrier,69
632370488,Line,Sanchez,24
634781505,Claude,Perichon,69
635358148,Basile,Rousseau,32
635697204,Jade,Boyer,69
636778232,Gary,Dupont,5
636853181,Elga,Breton,89
637044119,Germain,Guillon,71
637345474,Firmin,Fleury,24
640742192,Alain,Huet,59
641226732,Baltazar,Sanchez,32
641288472,Gertrude,Carpentier,38
641471340,Emilie,Leclerc,35
642008048,Tom,Mallet,100
642425241,Babette,Legrand,29
64276712,Nicole,Kramer,66
643553537,Alice,Perret,79
644128294,Arthur,Lecomte,75
644299829,Alain,Fournier,98
644386765,Jean,Rossi,57
644743609,Clara,Dos,44
644933227,Sacha,Fourrier,21
645068204,Ferdinand,Moulin,85
646579822,Chloe,Auber,39
647635436,Baltazar,Leduc,4
647659428,Guilain,Perez,20
64825246,Camille,Brun,68
649164224,Emeric,Lemaire,79
652372376,Felicie,Boyer,7
653200059,Gerard,Benafia,72
65476432,Basile,Paoli,50
655519890,Gaby,Ricci,70
655720181,Hugo,Legrand,16
657095948,Elena,Caron,90
658507147,Bastien,Millet,51
660022073,Germaine,Lemaire,55
660096328,Pauline,Blier,11
66055662,Heloise,Ancona,4
661373297,Oivier,Fabre,53
66178021,Sophie,Fabre,66
662073930,Denis,Fourrier,38
663660604,Carlos,Leclerc,30
663761251,Capucine,Goku,71
665349954,Ferdinand,Ancona,34
665927964,Gary,Lecomte,75
666095749,Emma,Besson,33
666599648,Adrien,Gauss,87
667536225,Germain,Gauss,57
66822701,Emanuel,Tartenpion,88
668243658,Alain,Leger,71
66825874,Jade,Chakri,95
668580383,Fabio,Lavigne,7
669073388,Eve,Dos,40
669200301,Eleonore,Benafia,9
670181179,Emilie,Durand,60
670380057,Fati,Delattre,72
671176121,Elena,Dupont,11
67121165,Fleur,Bouvier,71
672237529,Gertrude,Maury,91
672832016,Daniel,Perrin,7
673525272,Elga,Ricci,98
67458657,Cassandre,Fabre,100
67494555,Emanuel,Perez,39
675090734,Fritz,Vandel,10
675506053,Oivier,Marechal,93
675554956,Marinette,Macape,55
676590566,Flavia,Duchamp,4
676883632,Greg,Verdier,75
677649643,Jacob,Huet,65
678287030,Baltazar,Harris,95
678514725,Gui,Huet,44
679121767,Martin,Chevalier,88
680247331,Abdel,Dubois,71
682615560,Abdel,Leger,26
684259246,Fati,Ricard,61
685750519,Heloise,Verdier,9
685901426,Anne,Bousquet,95
688357984,Nicolas,Suffit,50
688373973,Nicolas,Duchamp,59
688503186,Sylvain,Roussel,22
689088664,Sam,Suffit,22
68908947,Tom,Rousseau,21
689202813,Gabriel,Fleury,13
689248622,Gervais,Pichon,77
68929777,Beatrice,Toulmonde,77
689512981,Georgette,Guerrin,3
689615381,Elena,Moulin,5
690596267,Helene,Chevalier,11
690971017,Lucie,Duval,92
691098593,Pauline,Dumas,89
692054265,Louis,Sanchez,59
692068452,Jean,Bousquet,73
692131333,Elga,Dumas,27
693676922,Felicie,Gomez,97
693707848,Heloise,Maury,86
694599348,Jean,Harris,15
69560444,Greg,Terrieur,43
69595970,Line,Fine,76
696016849,Tom,Bousquet,35
696069308,Pauline,Toulmonde,38
697472617,Daniel,Rossi,90
697497862,Emma,Kamouche,79
697850564,Tom,Fabre,81
6997112,Nicole,Leveque,54
699763805,Abdel,Ricard,42
700060910,Nicole,Blanc,66
700676604,Florie,Bouvier,30
701335764,Germaine,Pichon,61
702140074,Camille,Toulmonde,75
703689146,Anne,Besson,19
705977792,Goudroun,Pichon,24
707788994,Emanuel,Blier,80
709085450,Lucie,Leroy,3
709583389,Pauline,Blier,54
710878144,Fleur,Ricard,25
710944589,Ferdinand,Fleury,52
711731721,Jessica,Pernot,67
712655155,Robert,Durand,44
713610733,Frida,Caron,62
714226799,Pierre,Mercier,45
714413534,Felix,Durand,30
714566330,Derek,Macape,38
715615565,Alice,Paoli,8
715860670,Goudroun,Blondel,46
716250884,Sylvain,Martini,87
717469905,Arthur,Verdier,77
717682284,Carlos,Dumas,93
718111187,Marise,Perrin,61
718403120,Sylvie,Perez,62
718559198,Claude,Chauvin,25
718799852,Jade,Fourrier,63
720240833,Fleur,Angelie,45
720831582,Charlotte,Guerrin,70
722045761,Charles,Legrand,45
722260310,Anne,Cruz,63
72257207,Daniel,Ancona,52
722898606,Line,Mallet,12
723623834,Martin,Faure,34
723680390,Erwan,Rousseau,17
724296233,Gui,Roussel,6
724783445,Gertrude,Paoli,95
724944574,Vincent,Barre,50
725552609,Arthur,Duval,21
726208473,Lea,Hernandez,39
727654404,Kate,Leger,70
728575968,Daniel,Duchamp,9
729120808,Oscar,Pichon,94
729767145,Didier,Vidal,78
730746374,Gabriel,Dupont,29
730821377,Baltazar,Perret,56
731306466,Frida,Barre,60
731382191,Felix,Sanchez,78
732398724,Gilles,Leclerc,74
733128103,Fiona,Muller,24
733384415,Pauline,Legrand,84
7339807,Denis,Maury,56
734206134,Nicolas,Dos,18
734468246,Felicie,Kerry,51
735104782,Gertrude,Lemaire,56
735293221,Daniel,Sanchez,92
735365831,Gedeon,Perez,57
736140068,Charlotte,Caron,14
737320354,Pierre,Verdier,62
737445587,Capucine,Aichoun,22
738329543,Anne,Tartenpion,90
738661326,Sophie,Martini,90
739172958,Lucien,Smith,52
739205639,Oivier,Vidal,19
739213280,Marie,Millet,33
740413457,Jean,Blier,94
741085780,Emilie,Jeanmasson,79
742783957,Appoline,Ancona,20
743425737,Hugo,Pasquier,48
743569101,Gerard,Jeanmasson,40
743675986,Bastien,Fonsec,46
744607981,Felicie,Goku,88
744825405,Gervais,Fonsec,96
746030350,Emile,Leger,33
747475233,Vincent,Blondel,55
747809935,Tom,Brun,69
74980654,Guilain,Duchamp,95
750251958,Hugo,Pasquier,71
750689910,Gertrude,Fleury,38
750908650,Gauthier,Fernandez,28
751014455,Eugene,Faure,41
751308579,Camille,Leduc,79
75171336,Daniel,Perichon,57
752321220,Guilain,Hernandez,32
752730694,Fleur,Lecomte,28
753025900,Ernest,Auber,66
753351644,Bastien,Harris,32
754263880,Emmie,Besson,29
754270934,Sylvain,Lejeune,3
75569478,Emma,Harris,17
755695787,Nicolas,Klein,41
755734788,Fredric,Perichon,81
755742617,Chloe,Ait,13
756469041,Charles,Vandel,52
757024426,Charles,Dumas,79
757240659,Ferdinand,Pasquier,37
757729037,Bernard,Pasquier,39
758235617,Francesco,Fonsec,82
759957561,Paul,Brun,15
761138651,Penelope,Millet,48
762347134,Gauthier,Gauss,62
763696345,Carlos,Benafia,30
763703196,Bernard,Besson,61
764834478,Sylvie,Dubois,87
765058547,Carole,Klein,16
765091894,Goudroun,Lemaire,8
76625041,Didier,Blondel,95
769248641,Jeremy,Perrin,37
77016083,Simone,Marechal,51
771479188,Charles,Sanchez,94
77213846,Pauline,Chauvin,90
773194987,Emanuel,Fournier,87
773391530,Nicole,Sanchez,18
774338796,Emilie,Perichon,76
77478782,Ernest,Sumi,6
775508911,Alex,Dos,87
776360400,Emile,Millet,76
776615118,Gary,Sacomano,32
777368373,Sylvain,Rodriguez,65
777851530,Jules,Fonsec,44
778720307,Beatrice,Sanchez,56
78131522,Eudeline,Mercier,32
781970147,Guilain,Coste,38
781979771,Lea,Terrieur,11
782050623,Katia,Dos,35
78261353,Helene,Kerry,86
783426627,Heloise,Hernandez,49
783780990,Leon,Fournier,22
784922519,Manon,Pichon,18
787464505,Gilles,Pasquier,86
787481415,Charlotte,Rodriguez,25
788011469,Gaby,Aichoun,92
788287462,Pierre,Marques,23
788903740,Emanuel,Tartenpion,100
790463318,Alain,Barre,10
790539007,Gui,Duval,29
791379802,Martin,Roussel,50
791401883,Eve,Pichon,76
791531441,Marise,Angelie,93
792757048,Jean,Martini,97
793319733,Nicole,Pichon,27
794219654,Goudroun,Goku,17
79528744,Ernest,Ancona,36
796332857,Bernard,Caron,99
796900799,Cassandre,Moreau,11
796954865,Georgette,Chevalier,85
797630526,Felix,Durand,62
798514177,Robert,Harris,2
799020623,Greg,Brun,72
799128104,Martine,Macape,32
799258833,Alain,Kramer,83
800377745,Farid,Kerry,34
800412090,Basile,Blier,73
801161159,Gertrude,Gomez,12
801898748,Remi,Leroux,72
801930391,Emma,Vandel,96
803875420,Emanuel,Ricard,28
804010115,Adam,Terrieur,3
804918759,Louis,Fournier,86
806468994,Gui,Perret,55
806580424,Alain,Ancona,8
806875552,Nathalie,Gauss,9
808824462,Abdel,Ricci,68
809231950,Clara,Benafia,15
809371659,Emanuel,Toulmonde,73
809795451,Baltazar,Fournier,43
809842098,Nicolas,Legrand,62
811103239,Nathalie,Hernandez,91
812039994,Bastien,Benafia,32
813691842,Martine,Rossi,57
814225083,Claire,Coste,68
814498162,Adel,Ricci,31
815233543,Nicolas,Besson,88
815623103,Jade,Jeanmasson,65
816306759,Clara,Ancona,83
816606204,Nicolas,Blanc,85
817303257,Firmin,Guillon,2
81799437,Felix,Moulin,16
818840492,Sylvie,Moreau,2
820565440,Denis,Faure,8
820985193,Emanuel,Moreau,64
82112000,Claude,Toulmonde,88
821759862,Kate,Blondel,61
823097254,Derek,Chauvin,40
823280915,Marise,Perret,32
82353170,Simone,Pichon,39
824289094,Capucine,Kerry,87
826226545,Felicie,Smith,18
827736805,Leon,Leger,98
828231595,Gabriel,Goku,6
829191936,Nathalie,Vandel,85
829643744,Emmie,Boyer,49
830103467,Nathalie,Gauss,12
831153237,Clara,Leroy,3
831765459,Erwan,Delattre,93
83373799,Baltazar,Ricard,56
835789507,Gertrude,Vidal,61
835990926,Ferdinand,Barre,37
836178830,Fiona,Pichon,54
837800038,Emma,Leger,54
838955622,Tom,Auber,3
839980580,Martin,Perrin,50
840357342,Marc,Ricci,68
843946397,Louise,Perez,67
844194003,Emanuelle,Chakri,94
847904588,Denis,Leveque,36
848481584,Eugene,Aichoun,98
848750752,Gaby,Macape,8
850960353,Arthur,Lecomte,12
852062368,Pierre,Cruz,16
853043528,Sacha,Bousquet,89
853541428,Manon,Dos,11
854446258,Ferdinand,Faure,84
854493114,Francesco,Kerry,34
85643562,Appoline,Faure,49
857647959,Emanuel,Cruz,48
857685549,Felix,Fournier,14
858101621,Germaine,Moulin,92
858259234,Daniel,Verdier,93
859230391,Bastien,Fournier,91
860467637,Fiona,Petit,70
860828219,Simone,Kamouche,41
861776808,Basile,Guillon,39
862926645,Gui,Chakri,98
863656116,Gedeon,Delattre,84
864894895,Cassandre,Legrand,94
865633599,Nicole,Marechal,64
867790132,Katia,Pasquier,29
870206699,Line,Benafia,91
870362417,Eve,Paoli,16
870572892,Hugo,Leduc,82
870994919,Jules,Gomez,54
872667644,Appoline,Lavigne,56
873307350,Goudroun,Ricci,67
874840199,Germain,Chauvin,53
875871967,Katia,Dumas,44
877492150,Marie,Harris,94
877726969,Elga,Millet,25
878125007,Francesco,Fourrier,2
879324052,Jade,Cruz,15
879761004,Gedeon,Gauss,3
880209885,Alain,Kramer,49
880353006,Heloise,Dupont,54
88040302,Babette,Muller,95
882791223,Baltazar,Morgane,28
884080181,Katia,Verdier,88
88449673,Fiona,Ait,88
885561991,Jessica,Barre,77
886481021,Charles,Angelie,17
887041188,Daniel,Maury,37
888486811,Pauline,Suffit,65
888490287,Eleonore,Dumas,89
889606054,Marie,Lemaire,29
890038875,Bastien,Bousquet,35
890038989,Leon,Duval,60
890356631,Gaby,Toulmonde,26
890499788,Claire,Benafia,94
890570815,Fiona,Maury,76
890904708,Carlos,Angelie,76
89153857,Fati,Perez,6
891638397,Eve,Duval,91
89167812,Cassandre,Kerry,61
892044449,Sylvie,Leveque,48
895594923,Charles,Caron,11
895758833,Jacob,Boyer,71
896219091,Emanuelle,Guerrin,48
896665145,Fredric,Teusemanie,54
896947978,Appoline,Weber,69
897702832,Eugene,Dos,17
898658348,Marinette,Rossi,88
898781355,Martine,Pasquier,44
899972192,Heloise,Macape,79
901219631,Capucine,Blanc,51
902532149,Kate,Teusemanie,92
902690719,Charles,Aichoun,32
902835275,Charles,Tartenpion,92
90292278,Bernard,Dubois,34
903101069,Germaine,Gomez,96
903306238,Alex,Damiens,67
903312414,Jean,Fine,61
903974791,Nicolas,Robin,73
905427835,Pauline,Dumas,26
905441450,Fredric,Besson,57
905660508,Sylvie,Perez,72
906025127,Fabio,Dupont,63
906275475,Elena,Kramer,45
906866233,John,Chevalier,96
907019381,Cassandre,Petit,40
908460510,Erwan,Leclerc,4
909233354,Marie,Fabre,38
910459181,Frida,Guerrin,66
910739014,Louise,Klein,5
911266565,Gertrude,Breton,54
911588913,Ernest,Moreau,32
912509032,Hugo,Tartenpion,71
912571527,Simone,Teusemanie,28
912970967,Firmin,Smith,48
9137225,Sam,Tartenpion,38
913759413,Baltazar,Caron,43
915513954,Tom,Aichoun,25
916112725,Line,Leclerc,2
916179859,Eleonore,Terrieur,10
91654753,Marise,Perichon,55
916926452,Jean,Barre,53
917903000,Paul,Vandel,28
918311204,Helene,Ricci,67
918833943,Fritz,Lemaire,53
919591647,Lucie,Ricard,85
919777940,Marise,Rodriguez,74
920540350,Adel,Maury,49
920717997,Germaine,Lejeune,74
921344441,Lucie,Chakri,84
922013747,Jade,Dos,53
922627160,Germaine,Dubois,43
924987918,Goudroun,Leclerc,89
925518857,Tom,Pichon,40
925941261,Pauline,Auber,96
927728403,Heloise,Pilaud,21
92807188,Sam,Besson,98
928659089,Fredric,Rodriguez,93
929715808,Elena,Ancona,70
929925461,Marc,Moreau,19
932096111,Florine,Breton,56
932104761,Daniel,Dumas,50
933275989,Beatrice,Auber,83
93371973,Helene,Kramer,59
933866071,Guilain,Leclerc,38
935052025,Fleur,Paoli,28
935636897,Elena,Moreau,51
936933617,Gary,Lecomte,23
937907783,Felicie,Millet,91
9384471,Alice,Leroux,10
940160602,Jade,Guerrin,95
940202081,Eudeline,Coste,87
940748274,Guilain,Lemaire,30
94108546,Anne,Besson,13
941162951,Baltazar,Dupuis,12
942042648,Fritz,Leroux,20
942796704,Lucie,Marechal,14
943826739,Arthur,Leroy,45
944474940,Hugo,Dupont,15
945149490,Sacha,Angelie,29
946113055,John,Perret,26
946966441,Appoline,Fournier,16
947316447,Fleur,Blier,87
947432719,Adel,Kerry,77
947677276,Robert,Chakri,51
948425073,Emile,Robin,83
948788618,Fritz,Chakri,29
950339260,Kate,Mercier,93
950379020,Robert,Kamouche,76
950870093,Marise,Rossi,51
950895672,Gaby,Chevalier,56
951379787,Nicolas,Chakri,4
952064701,Leon,Verdier,56
953335950,Sam,Muller,86
953384514,Baltazar,Legrand,97
953775298,Charles,Faure,41
954607591,Gaby,Brun,98
954691542,Lea,Marechal,25
955246949,Kate,Petit,3
955308045,Fritz,Pernot,77
955686681,Sylvain,Duchamp,53
957470515,Remi,Blier,86
9590114,Frida,Jeanmasson,41
959421938,Heloise,Angelie,22
960417106,Sylvain,Leroux,74
962950308,Adel,Roussel,70
964175556,Cassandre,Suffit,3
965199652,Martine,Gomez,62
965961087,Kate,Mercier,15
966380150,Eleonore,Ricard,34
966816888,Sacha,Benafia,49
967072639,Fritz,Macape,100
967171101,Guilain,Kramer,69
967778355,Alice,Marechal,51
968488915,Lea,Smith,46
97087182,Nicole,Lemaire,31
971143094,Coralie,Robin,50
971942344,Fabio,Kerry,68
972161725,Josette,Goku,34
972972081,Beatrice,Perret,55
973712690,Adrien,Brun,27
974976586,Louis,Martini,92
975080471,Jean,Ricci,86
977515259,Sam,Martini,34
978031889,Gedeon,Pilaud,74
978954191,Josette,Durand,6
979134752,Emanuel,Leroy,75
979951492,Farid,Breton,30
980077022,Coralie,Fournier,24
980132051,Paul,Aichoun,49
980521506,Didier,Suffit,88
981771901,Louise,Dupont,20
98195126,Guilain,Boulanger,27
98272773,Firmin,Rossi,55
98470966,Marise,Sanchez,72
985179166,Alain,Ancona,76
985238769,Fleur,Guillon,53
985312221,Nicolas,Maury,52
985690847,Adam,Robin,33
98644791,Lucie,Pichon,75
986899231,Adam,Rousseau,85
98743520,Eleonore,Lamy,88
988037032,Jeremy,Kamouche,25
988962530,Appoline,Robin,34
989488894,Gilles,Weber,17
989812927,Emanuelle,Martini,43
990962249,Kate,Fourrier,26
991045644,Gaby,Harris,94
991049850,Heloise,Morgane,68
991476108,Eugene,Leclerc,63
993284567,Emmie,Auber,64
995040883,Emeric,Guerrin,100
995555658,Fredric,Caron,58
996183752,Lucie,Marechal,51
997601365,Basile,Vandel,28
997638893,Fati,Sanchez,35
998144443,Carlos,Carpentier,97
